-- phpMyAdmin SQL Dump
-- version 4.8.2
-- https://www.phpmyadmin.net/
--
-- Host: 127.0.0.1
-- Generation Time: Nov 22, 2018 at 02:26 PM
-- Server version: 10.1.34-MariaDB
-- PHP Version: 7.2.8

SET SQL_MODE = "NO_AUTO_VALUE_ON_ZERO";
SET AUTOCOMMIT = 0;
START TRANSACTION;
SET time_zone = "+00:00";


/*!40101 SET @OLD_CHARACTER_SET_CLIENT=@@CHARACTER_SET_CLIENT */;
/*!40101 SET @OLD_CHARACTER_SET_RESULTS=@@CHARACTER_SET_RESULTS */;
/*!40101 SET @OLD_COLLATION_CONNECTION=@@COLLATION_CONNECTION */;
/*!40101 SET NAMES utf8mb4 */;

--
-- Database: `eapi`
--

-- --------------------------------------------------------

--
-- Table structure for table `migrations`
--

CREATE TABLE `migrations` (
  `id` int(10) UNSIGNED NOT NULL,
  `migration` varchar(191) COLLATE utf8mb4_unicode_ci NOT NULL,
  `batch` int(11) NOT NULL
) ENGINE=InnoDB DEFAULT CHARSET=utf8mb4 COLLATE=utf8mb4_unicode_ci;

--
-- Dumping data for table `migrations`
--

INSERT INTO `migrations` (`id`, `migration`, `batch`) VALUES
(1, '2014_10_12_000000_create_users_table', 1),
(2, '2014_10_12_100000_create_password_resets_table', 1),
(3, '2018_11_22_085733_create_products_table', 1),
(4, '2018_11_22_090113_create_reviews_table', 1);

-- --------------------------------------------------------

--
-- Table structure for table `password_resets`
--

CREATE TABLE `password_resets` (
  `email` varchar(191) COLLATE utf8mb4_unicode_ci NOT NULL,
  `token` varchar(191) COLLATE utf8mb4_unicode_ci NOT NULL,
  `created_at` timestamp NULL DEFAULT NULL
) ENGINE=InnoDB DEFAULT CHARSET=utf8mb4 COLLATE=utf8mb4_unicode_ci;

-- --------------------------------------------------------

--
-- Table structure for table `products`
--

CREATE TABLE `products` (
  `id` int(10) UNSIGNED NOT NULL,
  `name` varchar(191) COLLATE utf8mb4_unicode_ci DEFAULT NULL,
  `description` text COLLATE utf8mb4_unicode_ci,
  `price` int(11) DEFAULT NULL,
  `stock` int(11) DEFAULT NULL,
  `discount` int(11) DEFAULT NULL,
  `created_at` timestamp NULL DEFAULT NULL,
  `updated_at` timestamp NULL DEFAULT NULL
) ENGINE=InnoDB DEFAULT CHARSET=utf8mb4 COLLATE=utf8mb4_unicode_ci;

--
-- Dumping data for table `products`
--

INSERT INTO `products` (`id`, `name`, `description`, `price`, `stock`, `discount`, `created_at`, `updated_at`) VALUES
(91, 'dolor', 'Et ut aut quibusdam sunt vero quas voluptas. Quidem minima fugit est qui et eos. In perferendis corporis dolorum doloribus. Veniam voluptatem sapiente sit.', 8670, 2, 27, '2018-11-22 08:24:45', '2018-11-22 08:24:45'),
(92, 'sit', 'Natus sint eum est aut et. Occaecati ullam nostrum odio id recusandae. Sed ducimus laborum omnis aliquid enim debitis. Est exercitationem sed ut expedita enim nulla quia.', 6295, 4, 6, '2018-11-22 08:24:45', '2018-11-22 08:24:45'),
(93, 'reprehenderit', 'Dolores enim fugit aperiam sint. Odit laudantium accusamus odit libero eligendi tempore. Rerum quam consequatur porro libero. Eos ipsa qui iusto voluptatum ullam voluptas.', 7267, 7, 30, '2018-11-22 08:24:45', '2018-11-22 08:24:45'),
(94, 'natus', 'Earum beatae accusamus aut voluptatibus qui corrupti voluptas. Ut dolorum numquam minima sint. Ab ut rerum unde id.', 8171, 7, 15, '2018-11-22 08:24:45', '2018-11-22 08:24:45'),
(95, 'omnis', 'Sed aliquam ad sint libero minima fuga atque laudantium. Ut vitae accusantium et aut ipsam qui doloremque quasi. Blanditiis recusandae sequi explicabo maiores dolor sunt.', 5379, 0, 9, '2018-11-22 08:24:46', '2018-11-22 08:24:46'),
(96, 'deserunt', 'Qui qui voluptatem maxime distinctio est. Odit modi voluptatem corporis nam dolorum impedit libero sint. Modi modi qui fugit maiores ea illum et. Sapiente vitae porro sit qui aspernatur id doloribus.', 4105, 3, 5, '2018-11-22 08:24:46', '2018-11-22 08:24:46'),
(97, 'ullam', 'Iure molestiae quia asperiores magnam maxime. Et fugiat earum id accusantium magnam sit. Earum odit eligendi vel nihil placeat exercitationem qui minus. Optio est vel ut.', 8290, 3, 7, '2018-11-22 08:24:46', '2018-11-22 08:24:46'),
(98, 'aperiam', 'Cum commodi at aspernatur eligendi. Ducimus delectus itaque quam sed quia nesciunt facere. Delectus reprehenderit eum ut quis tenetur nostrum. Velit ullam soluta molestiae nam rerum.', 3598, 5, 26, '2018-11-22 08:24:46', '2018-11-22 08:24:46'),
(99, 'aut', 'Suscipit rerum ipsam qui magnam eum dicta accusamus. Corporis incidunt doloremque culpa libero sint. Unde nobis dolorum impedit.', 5577, 6, 9, '2018-11-22 08:24:46', '2018-11-22 08:24:46'),
(100, 'aspernatur', 'Dolor est non velit. Maxime ex eum id eos ipsum omnis sit. Quos tempora aut quidem nobis. Nulla optio aut qui et.', 2012, 5, 25, '2018-11-22 08:24:46', '2018-11-22 08:24:46'),
(101, 'repellat', 'Magni earum quidem temporibus accusantium id aspernatur. Aut impedit accusantium cumque tempore assumenda iure soluta. Omnis dolorum perspiciatis porro occaecati. Eos est ullam veritatis.', 3322, 8, 26, '2018-11-22 08:24:46', '2018-11-22 08:24:46'),
(102, 'rerum', 'Suscipit id consequuntur sequi necessitatibus beatae minus. Molestiae iste esse suscipit reprehenderit. Eos aut nobis saepe. Corrupti et ut aut.', 5642, 1, 9, '2018-11-22 08:24:46', '2018-11-22 08:24:46'),
(103, 'odio', 'Rerum cumque blanditiis incidunt dolorem quis. Repudiandae atque et aut eum natus. Harum eius qui dolores ut aut nesciunt. Eius excepturi qui sed iste eum dolorem omnis voluptatum.', 4545, 2, 8, '2018-11-22 08:24:46', '2018-11-22 08:24:46'),
(104, 'voluptates', 'Doloremque totam veritatis illum nihil saepe sint corrupti. Sint iure quibusdam quibusdam eum similique. Error incidunt eum recusandae doloribus qui labore.', 5592, 2, 13, '2018-11-22 08:24:46', '2018-11-22 08:24:46'),
(105, 'neque', 'Omnis perferendis ea alias modi provident sit. Voluptates ut consequatur voluptatem dolorem maxime quasi.', 3297, 1, 29, '2018-11-22 08:24:46', '2018-11-22 08:24:46'),
(106, 'alias', 'Aut tempora et dolores animi asperiores. Optio recusandae vel minima tempore laudantium rerum ea. Quidem dolores ullam odit. Aut veniam quam eius est fugiat corporis impedit.', 6485, 0, 20, '2018-11-22 08:24:46', '2018-11-22 08:24:46'),
(107, 'et', 'Impedit dolores possimus earum vero architecto. Perferendis et omnis cupiditate voluptatem non et. Quia quo rerum sit ut aspernatur.', 9977, 8, 17, '2018-11-22 08:24:46', '2018-11-22 08:24:46'),
(108, 'est', 'Modi velit adipisci porro magni esse. Quis vero natus voluptatum consequatur labore. Deleniti corrupti dolores rem. Ipsa qui expedita aliquam dolores eum sunt qui molestiae.', 3370, 9, 21, '2018-11-22 08:24:46', '2018-11-22 08:24:46'),
(109, 'quasi', 'Molestiae perspiciatis voluptas consequatur sed placeat veniam et sint. Numquam et aperiam id non dolores quam culpa. Tempore commodi consequatur sapiente qui aut amet labore corporis.', 857, 1, 8, '2018-11-22 08:24:46', '2018-11-22 08:24:46'),
(110, 'voluptas', 'Recusandae laboriosam inventore et molestiae. Porro qui illum ut eos iste enim et et.', 8630, 0, 23, '2018-11-22 08:24:46', '2018-11-22 08:24:46'),
(111, 'et', 'Et est dolor consectetur et magnam repellendus facere. Ut expedita ea nisi ullam optio quia. Qui iste fuga molestiae iure.', 8336, 9, 21, '2018-11-22 08:24:46', '2018-11-22 08:24:46'),
(112, 'deserunt', 'Velit consequuntur placeat nam vero consequuntur nihil. Consequatur quaerat voluptas ea deserunt. Nisi eos rerum deleniti nobis quo rerum modi.', 3704, 8, 5, '2018-11-22 08:24:46', '2018-11-22 08:24:46'),
(113, 'quam', 'Debitis mollitia praesentium quis cupiditate repellendus repellat magnam est. Dolor sit unde sed ad. Corporis praesentium vitae libero esse inventore.', 7032, 8, 23, '2018-11-22 08:24:46', '2018-11-22 08:24:46'),
(114, 'explicabo', 'Quam ad suscipit atque temporibus itaque nulla. Ut illo eos magni. Voluptatem eveniet fuga dicta fugiat. Voluptas et quos ut molestias excepturi voluptas.', 9968, 5, 10, '2018-11-22 08:24:47', '2018-11-22 08:24:47'),
(115, 'maxime', 'Officia veritatis non dicta voluptate ut neque molestiae. At nam qui quis.', 7949, 3, 20, '2018-11-22 08:24:47', '2018-11-22 08:24:47'),
(116, 'consectetur', 'Eius repudiandae quaerat reiciendis maiores. Dicta voluptas similique aut recusandae. Velit quam sed suscipit cumque dicta. Distinctio reprehenderit rerum blanditiis.', 6971, 6, 16, '2018-11-22 08:24:47', '2018-11-22 08:24:47'),
(117, 'ratione', 'Occaecati harum ad aperiam voluptatibus eligendi sit. Fuga dolore minus id sint. Dolor enim aperiam neque nisi. Reprehenderit dolores earum est.', 4170, 1, 25, '2018-11-22 08:24:47', '2018-11-22 08:24:47'),
(118, 'voluptatum', 'Quasi assumenda consequatur corrupti non. Minima aperiam at et illum culpa perspiciatis labore. Dolores minus et qui qui culpa voluptatem qui.', 719, 6, 13, '2018-11-22 08:24:47', '2018-11-22 08:24:47'),
(119, 'laudantium', 'Eius minima vel mollitia et blanditiis laudantium nihil recusandae. Dolor tempora ea qui quia. Qui a voluptate nostrum quia est maiores.', 7112, 4, 5, '2018-11-22 08:24:47', '2018-11-22 08:24:47'),
(120, 'eligendi', 'Est eum aut qui asperiores rerum quod. Temporibus repellendus laborum voluptates adipisci. Qui quos est ipsum eum. Eius reiciendis earum a est alias repellendus.', 5609, 4, 11, '2018-11-22 08:24:47', '2018-11-22 08:24:47');

-- --------------------------------------------------------

--
-- Table structure for table `reviews`
--

CREATE TABLE `reviews` (
  `id` int(10) UNSIGNED NOT NULL,
  `product_id` int(10) UNSIGNED NOT NULL,
  `customer` varchar(191) COLLATE utf8mb4_unicode_ci DEFAULT NULL,
  `review` text COLLATE utf8mb4_unicode_ci,
  `star` int(11) NOT NULL,
  `created_at` timestamp NULL DEFAULT NULL,
  `updated_at` timestamp NULL DEFAULT NULL
) ENGINE=InnoDB DEFAULT CHARSET=utf8mb4 COLLATE=utf8mb4_unicode_ci;

--
-- Dumping data for table `reviews`
--

INSERT INTO `reviews` (`id`, `product_id`, `customer`, `review`, `star`, `created_at`, `updated_at`) VALUES
(1, 98, 'Chanelle Becker IV', 'Voluptatibus voluptatem minima officiis distinctio reiciendis. Et quia qui quia dolore officia fuga. Voluptatem recusandae minima aut et iste. Similique quibusdam saepe voluptatem delectus perferendis omnis ullam. Cumque et ut ipsam atque sint et dignissimos blanditiis.', 2, '2018-11-22 08:24:47', '2018-11-22 08:24:47'),
(2, 105, 'Vladimir Osinski IV', 'Enim sed in esse totam. Ut amet excepturi pariatur accusantium. Eos quia quo non omnis cupiditate aperiam est. Odit molestias ullam blanditiis accusantium nisi perferendis.', 1, '2018-11-22 08:24:47', '2018-11-22 08:24:47'),
(3, 96, 'Gisselle Dare MD', 'Qui eos ipsum impedit enim aut ex nihil. Ad perspiciatis eius aut debitis non nesciunt. Placeat quia modi rerum deserunt et.', 4, '2018-11-22 08:24:48', '2018-11-22 08:24:48'),
(4, 105, 'Antonette Dicki', 'Necessitatibus et omnis est. Et molestiae impedit qui. Debitis error laboriosam voluptas velit velit aut adipisci. Ut ipsum nisi molestiae et aut. Quis sequi labore et impedit omnis.', 1, '2018-11-22 08:24:48', '2018-11-22 08:24:48'),
(5, 114, 'Mr. Ansley Wuckert', 'Quae iure animi similique ea distinctio. Non et nihil quod voluptas eos asperiores omnis quidem. Incidunt ipsum placeat harum eligendi neque quasi.', 4, '2018-11-22 08:24:48', '2018-11-22 08:24:48'),
(6, 103, 'Cleta Stehr II', 'Doloremque mollitia aspernatur ullam voluptatem laboriosam exercitationem. Voluptas quae doloribus ut dolores. Repellendus tempora veniam quis odio officiis. Iure officia sint et quis aut ad nihil.', 1, '2018-11-22 08:24:48', '2018-11-22 08:24:48'),
(7, 117, 'Rhoda Feest', 'Velit quo ut explicabo vel. Quibusdam eveniet ducimus consectetur facilis labore sit. Iste quaerat hic sapiente eligendi qui.', 2, '2018-11-22 08:24:48', '2018-11-22 08:24:48'),
(8, 105, 'Rosalinda Schiller', 'Aspernatur incidunt dignissimos ut deserunt eum. Sapiente sunt voluptatibus error quis unde. Similique temporibus sequi quibusdam est qui.', 4, '2018-11-22 08:24:48', '2018-11-22 08:24:48'),
(9, 103, 'Miss Marina Durgan V', 'Magni nam quos est quisquam blanditiis veniam. Modi consequatur ea dolorum ut. Autem tenetur animi sit dolore quibusdam. Rem animi omnis alias quia. Id exercitationem labore corporis ut reiciendis est.', 3, '2018-11-22 08:24:48', '2018-11-22 08:24:48'),
(10, 111, 'Dr. Eugenia Kautzer', 'Facilis qui aspernatur quo cumque eos itaque. Corrupti quas velit quis. Sed quia inventore sunt rerum et enim porro. Est id iste quis.', 2, '2018-11-22 08:24:48', '2018-11-22 08:24:48'),
(11, 115, 'Floy Mann', 'Assumenda quod voluptatum perspiciatis. Maiores a officiis dolorem error ducimus dolore inventore. Est eos sed autem rerum sit rerum. Et vel labore non sed odio id distinctio.', 1, '2018-11-22 08:24:48', '2018-11-22 08:24:48'),
(12, 104, 'Heloise Spinka', 'Autem nihil non dolor aut. Et minus a nesciunt impedit. Quis rem error fuga provident itaque facilis. Quia non tempore perferendis non et voluptas.', 5, '2018-11-22 08:24:48', '2018-11-22 08:24:48'),
(13, 98, 'Lera Cremin', 'Voluptatem animi eos voluptatem quia repellat. Mollitia qui necessitatibus a. Sit in similique exercitationem nisi accusantium rem in et. Maiores omnis placeat et maxime animi aut.', 3, '2018-11-22 08:24:48', '2018-11-22 08:24:48'),
(14, 104, 'Florencio Cummerata', 'Consequatur qui pariatur voluptates ullam consequatur dolores quibusdam. Nulla temporibus amet dolorem placeat. Veniam id omnis et quia atque sit dolorem.', 4, '2018-11-22 08:24:48', '2018-11-22 08:24:48'),
(15, 95, 'Dr. Giovanni Deckow PhD', 'Dolor ea cum sit mollitia. Consectetur magni voluptas dolores et et et. Et cupiditate adipisci animi architecto.', 2, '2018-11-22 08:24:48', '2018-11-22 08:24:48'),
(16, 111, 'Javier Moen', 'Non doloremque quis vero officia quos in. Officia quam eius eligendi est rerum.', 1, '2018-11-22 08:24:48', '2018-11-22 08:24:48'),
(17, 101, 'Leora Corwin', 'Temporibus consectetur omnis ipsa eos aut est iure. Asperiores est ab qui autem beatae. Odit quis tempore nulla odit esse voluptate. Explicabo minima quas repellat quis est vitae. Eum quaerat voluptatem fuga neque sunt illum.', 1, '2018-11-22 08:24:48', '2018-11-22 08:24:48'),
(18, 91, 'Dennis Rowe', 'Et odio optio at illum enim incidunt id. Velit cumque nihil dicta ut accusamus. Dolores non et omnis. Repellendus qui similique repellendus est.', 2, '2018-11-22 08:24:48', '2018-11-22 08:24:48'),
(19, 108, 'Dr. Kurt Stehr DDS', 'Et sit qui architecto et. Velit tempora nesciunt maxime ut. Voluptas neque voluptate qui eligendi qui dolor repellat.', 3, '2018-11-22 08:24:48', '2018-11-22 08:24:48'),
(20, 99, 'Samanta Bechtelar', 'Quisquam magni iusto optio sunt dicta sint. Et quas eveniet aut at ut. Ullam magni repellat sint magni dolores tenetur tempora eos. Qui nisi nobis eius omnis quas.', 5, '2018-11-22 08:24:48', '2018-11-22 08:24:48'),
(21, 98, 'Louisa Emmerich', 'Molestias maiores fugit quia blanditiis. Quisquam repellendus blanditiis harum voluptatem recusandae officiis temporibus. Nemo reiciendis numquam quasi ducimus dolore temporibus consequuntur delectus. Perspiciatis tempore cupiditate est ducimus itaque voluptas reiciendis.', 1, '2018-11-22 08:24:48', '2018-11-22 08:24:48'),
(22, 100, 'Adolphus Jones', 'Deserunt quod velit quod. Nisi ut voluptatem dolores ut in qui. Velit adipisci laboriosam delectus. Alias similique eaque dolorem corrupti.', 2, '2018-11-22 08:24:48', '2018-11-22 08:24:48'),
(23, 110, 'Prof. Gertrude Blick', 'Alias facere vel ratione similique et quibusdam nesciunt. Qui ut in aliquid suscipit. Temporibus aut tenetur magnam consequatur nisi assumenda.', 2, '2018-11-22 08:24:48', '2018-11-22 08:24:48'),
(24, 119, 'Isabell Altenwerth', 'Aliquam modi quibusdam deleniti suscipit et earum qui. Repellendus tempora placeat natus et rerum nobis et. Dolorem blanditiis in labore.', 4, '2018-11-22 08:24:48', '2018-11-22 08:24:48'),
(25, 92, 'Faye Nolan PhD', 'Recusandae libero magni vel nemo. Sed inventore quia placeat aut nihil. Eos non quis iusto assumenda.', 2, '2018-11-22 08:24:48', '2018-11-22 08:24:48'),
(26, 120, 'Ellis Sipes', 'Ad distinctio dolorem consequuntur debitis perspiciatis blanditiis ipsam. Aperiam consequatur ut consectetur quas temporibus sed culpa voluptatibus. Perspiciatis placeat voluptatem dolorem quis harum. Eveniet doloremque numquam id est et odio eaque.', 5, '2018-11-22 08:24:48', '2018-11-22 08:24:48'),
(27, 91, 'Dr. Genoveva Marvin Jr.', 'Dolores ut et in iure repellat et. A laudantium eos molestias et beatae ratione. Ut omnis temporibus est qui quia earum esse.', 5, '2018-11-22 08:24:48', '2018-11-22 08:24:48'),
(28, 118, 'Prof. Margaret Donnelly DDS', 'Et vel distinctio voluptatem aliquam sunt repellat. Consequuntur non neque dolorum beatae unde non repudiandae. Dicta nemo eum similique voluptatibus est.', 2, '2018-11-22 08:24:48', '2018-11-22 08:24:48'),
(29, 114, 'Erling Goyette IV', 'Est dolore natus accusamus aut quae expedita repudiandae. In totam aspernatur sed fuga possimus odio eveniet. Dicta incidunt provident odio sed magnam. Facere doloremque magni repudiandae nesciunt aut exercitationem est. Et voluptas voluptate ad.', 5, '2018-11-22 08:24:49', '2018-11-22 08:24:49'),
(30, 114, 'Mrs. Joyce Bashirian II', 'Iure et et error modi. Magnam dolores maxime deserunt qui.', 1, '2018-11-22 08:24:49', '2018-11-22 08:24:49'),
(31, 99, 'Samanta Wolff II', 'Eos voluptatum quis architecto ratione eos. Voluptas voluptatem libero dolorem ipsam. Enim ratione dolor magnam laudantium consequatur. Vitae quia eius modi voluptas.', 4, '2018-11-22 08:24:49', '2018-11-22 08:24:49'),
(32, 105, 'Kira Witting', 'Dolorem eius at illo officia. Rerum porro officia eaque iste facilis architecto nostrum. Et unde maiores esse natus labore a nesciunt assumenda. Expedita dolorem in non enim nostrum voluptatem est aut. Nulla aspernatur quia omnis eum.', 4, '2018-11-22 08:24:49', '2018-11-22 08:24:49'),
(33, 108, 'Destiny Macejkovic DVM', 'Voluptate necessitatibus praesentium aut qui qui quam molestias. Odit atque illo reiciendis delectus. Repellat et voluptas necessitatibus et.', 1, '2018-11-22 08:24:49', '2018-11-22 08:24:49'),
(34, 101, 'Macy Pouros', 'Iure qui in sit placeat minus. Neque non consequatur est qui nobis adipisci non. Quaerat voluptatem repudiandae adipisci impedit.', 4, '2018-11-22 08:24:49', '2018-11-22 08:24:49'),
(35, 105, 'Paige Pagac Jr.', 'Est optio beatae aut iure. Repudiandae tenetur et voluptas molestias sunt est a. Quaerat omnis eligendi enim blanditiis.', 5, '2018-11-22 08:24:49', '2018-11-22 08:24:49'),
(36, 99, 'Cleveland Howell PhD', 'Tempore illo magnam qui quam rerum sit qui. Molestiae ab impedit beatae sed.', 5, '2018-11-22 08:24:49', '2018-11-22 08:24:49'),
(37, 109, 'Zita Ryan', 'Optio beatae placeat optio ipsam non. Eum laborum qui ipsam voluptas fuga. Et excepturi minima perferendis.', 3, '2018-11-22 08:24:49', '2018-11-22 08:24:49'),
(38, 114, 'Junius Reilly I', 'Dolor repellat fugiat rerum blanditiis beatae excepturi. Accusamus ad ratione reiciendis voluptatem ullam labore voluptas. Ab ipsa repellat soluta occaecati nostrum repudiandae non. Sequi at pariatur aut sit.', 5, '2018-11-22 08:24:49', '2018-11-22 08:24:49'),
(39, 92, 'Kaleb Gutkowski', 'Voluptatem temporibus iusto magnam ut consequatur qui. Autem dolores eaque ut. Aspernatur nobis officia doloremque sequi non.', 4, '2018-11-22 08:24:49', '2018-11-22 08:24:49'),
(40, 114, 'Mr. Ernesto Hyatt', 'Sint officiis quo libero omnis at. Dolorum recusandae nobis placeat et asperiores maxime. Aut sint exercitationem ad et rerum dolorem sed.', 2, '2018-11-22 08:24:49', '2018-11-22 08:24:49'),
(41, 101, 'Dena Gerhold PhD', 'Dolorem nam blanditiis et nesciunt totam. Eveniet dolor aut et debitis omnis praesentium excepturi soluta. Sunt officiis dignissimos porro dolorum unde vitae at. Ad explicabo et animi non itaque a. Cupiditate velit neque quis distinctio harum quia ut.', 1, '2018-11-22 08:24:49', '2018-11-22 08:24:49'),
(42, 92, 'Etha Bayer', 'Sit aspernatur aut sit repellendus. Illum modi atque doloremque in.', 5, '2018-11-22 08:24:49', '2018-11-22 08:24:49'),
(43, 110, 'Ida Pouros V', 'Minus recusandae sint et expedita. Rem quidem fugit accusantium et occaecati itaque omnis. Neque blanditiis nulla odio repellat vitae deleniti. Minima vero voluptatum dolorem fugit. Voluptas magnam voluptas doloremque aut ut pariatur quo quas.', 3, '2018-11-22 08:24:49', '2018-11-22 08:24:49'),
(44, 108, 'Ruben Gleichner', 'Autem officia rerum non vel non architecto ut. Facilis aut odit sed labore earum. Quos voluptatum eligendi eaque ab.', 2, '2018-11-22 08:24:49', '2018-11-22 08:24:49'),
(45, 103, 'Laron Heidenreich', 'Ea repellendus enim voluptatibus mollitia illum sint quas. Dolorum ut id saepe voluptatem quaerat culpa. Ut necessitatibus voluptate consequatur perspiciatis ea odit. Praesentium necessitatibus nihil repellat officiis quis est.', 5, '2018-11-22 08:24:49', '2018-11-22 08:24:49'),
(46, 99, 'Tevin Baumbach', 'Non recusandae libero et quis quo. Molestiae nam itaque ea aut. Excepturi sequi autem nulla qui sed iure. Fugit quidem doloribus omnis. Qui accusantium est saepe ad in qui eveniet.', 5, '2018-11-22 08:24:49', '2018-11-22 08:24:49'),
(47, 94, 'Flossie Kozey V', 'Et sit a quidem ut aut. Rerum ut possimus eos voluptas. Dolores quis impedit fugiat.', 2, '2018-11-22 08:24:49', '2018-11-22 08:24:49'),
(48, 118, 'Lyric Emmerich', 'Adipisci occaecati ut id amet dolores. Excepturi possimus repellat assumenda neque harum et. Sunt quam mollitia et consequatur id.', 5, '2018-11-22 08:24:49', '2018-11-22 08:24:49'),
(49, 111, 'Jeramie O\'Kon', 'Doloremque ratione ex doloremque exercitationem sunt voluptatem. Impedit placeat quo reiciendis dolorem dolor dolorem quia. Sit iure velit earum aut dignissimos possimus.', 5, '2018-11-22 08:24:49', '2018-11-22 08:24:49'),
(50, 100, 'Estell Considine', 'Est est omnis non dolores voluptatem quia earum. Ratione quia commodi pariatur nesciunt. Autem sit facere quae assumenda.', 3, '2018-11-22 08:24:49', '2018-11-22 08:24:49'),
(51, 95, 'Ms. Gladys Weber', 'Hic aut sit est quia non ut commodi. Labore qui aut qui. Et pariatur dolorum est consequatur dolorem est.', 5, '2018-11-22 08:24:50', '2018-11-22 08:24:50'),
(52, 111, 'Hank Ondricka', 'Corporis voluptatem aut voluptates. Blanditiis sit recusandae aliquid id blanditiis. Fugiat ut sed voluptatem eveniet necessitatibus.', 1, '2018-11-22 08:24:50', '2018-11-22 08:24:50'),
(53, 96, 'Nova Pfannerstill', 'Excepturi similique eaque qui nesciunt. Distinctio a delectus non aliquam. Sunt perferendis veritatis quas debitis qui laudantium vel. Pariatur beatae enim in et quasi.', 3, '2018-11-22 08:24:50', '2018-11-22 08:24:50'),
(54, 100, 'Dock Koss', 'Explicabo exercitationem asperiores temporibus occaecati suscipit cupiditate. Rerum modi in dicta omnis occaecati excepturi. Voluptatem nobis modi voluptates incidunt unde. Et praesentium dolorem et.', 3, '2018-11-22 08:24:50', '2018-11-22 08:24:50'),
(55, 97, 'Maximus Reichert PhD', 'Et itaque libero iure ipsam. Qui eligendi enim facere amet autem mollitia. Dolores provident autem beatae sint. Reprehenderit qui totam perspiciatis reprehenderit.', 3, '2018-11-22 08:24:50', '2018-11-22 08:24:50'),
(56, 111, 'Miss Lea Kub', 'Voluptatem odit similique ea sit numquam voluptas commodi. Tenetur quo in tenetur non accusantium. Dolores veritatis quidem nulla repellat qui expedita doloribus.', 4, '2018-11-22 08:24:50', '2018-11-22 08:24:50'),
(57, 113, 'Mr. Eriberto Zemlak DDS', 'Aut magnam odio veniam. Consequatur tempore molestiae sunt aut. Eaque sequi molestias similique sunt consequatur expedita illo earum. Et ut illo ullam tempora amet.', 3, '2018-11-22 08:24:50', '2018-11-22 08:24:50'),
(58, 94, 'Muriel Kuhn', 'Voluptatem blanditiis doloremque sit qui ex nemo ratione nulla. Dolore explicabo nam doloremque autem ea. Voluptatibus quaerat aliquam voluptatibus dolor id consequatur. Qui fugiat omnis at sunt atque.', 2, '2018-11-22 08:24:50', '2018-11-22 08:24:50'),
(59, 97, 'Avery Smitham', 'Fugiat id laudantium excepturi ea. Autem dolor quos maiores tenetur sunt officiis. Laudantium qui vero hic accusantium. Non consectetur cupiditate necessitatibus voluptatem pariatur consequatur.', 3, '2018-11-22 08:24:50', '2018-11-22 08:24:50'),
(60, 93, 'Tobin Jacobi', 'Similique ut aut ea qui. Mollitia ducimus aut animi nam est. Et praesentium voluptates placeat enim.', 5, '2018-11-22 08:24:50', '2018-11-22 08:24:50'),
(61, 99, 'Ms. Lola Corkery MD', 'Ipsam non recusandae numquam ducimus sed deserunt praesentium. Sunt esse dolorem aspernatur et veniam qui. Ratione voluptatum maiores enim quibusdam.', 5, '2018-11-22 08:24:50', '2018-11-22 08:24:50'),
(62, 99, 'Sedrick Larkin DVM', 'Est sint sequi suscipit non et excepturi. Sapiente voluptate odio molestiae dolore. Vero dolorem voluptatem eum dolores quo voluptates.', 5, '2018-11-22 08:24:50', '2018-11-22 08:24:50'),
(63, 107, 'Ora Hilpert', 'Et est consequatur et placeat earum cupiditate nemo. Numquam pariatur dolores aperiam quibusdam explicabo. Sed ratione ea iure animi. Voluptatum quia vitae ut iste necessitatibus ut corrupti dicta.', 1, '2018-11-22 08:24:50', '2018-11-22 08:24:50'),
(64, 100, 'Estefania Wintheiser', 'Sunt ea dolorem distinctio dicta sed. Sapiente commodi est dolores omnis nesciunt iusto.', 1, '2018-11-22 08:24:50', '2018-11-22 08:24:50'),
(65, 93, 'Ms. Destany Feest', 'Voluptatibus harum sed sunt architecto consectetur debitis non. Sed rerum ad quia et consectetur. Veniam maiores in repudiandae.', 5, '2018-11-22 08:24:50', '2018-11-22 08:24:50'),
(66, 120, 'Broderick Corkery', 'Deserunt aut nulla dolorum nulla aut. Ut est at et pariatur cumque fuga occaecati. Debitis repudiandae non quia adipisci itaque aspernatur.', 3, '2018-11-22 08:24:50', '2018-11-22 08:24:50'),
(67, 99, 'Linda Parisian', 'Magni quia minus placeat in est laborum et. Dolores culpa expedita eius qui sequi qui quod. Ipsam nihil consequatur repudiandae autem ratione. Rerum ullam accusamus nihil pariatur non ut aut accusamus.', 4, '2018-11-22 08:24:50', '2018-11-22 08:24:50'),
(68, 93, 'Vivien Funk', 'Voluptas velit pariatur quisquam dolores aspernatur earum. Molestias fugit dolor sed laboriosam qui laborum libero harum. Numquam vel dolor hic suscipit. Laboriosam repellat quo fuga ipsum totam.', 2, '2018-11-22 08:24:50', '2018-11-22 08:24:50'),
(69, 101, 'Toni Schmidt', 'Aut voluptate et perferendis facere non est tenetur. Dolore eum aspernatur unde tenetur. Cupiditate aut saepe molestiae voluptatem ducimus voluptatem id culpa.', 5, '2018-11-22 08:24:50', '2018-11-22 08:24:50'),
(70, 103, 'Dr. Nicole Terry', 'Sed qui temporibus voluptas ut. Sit vel quam reiciendis officiis iusto ut. Veniam reiciendis nisi voluptatem ad accusamus. Quia soluta maiores molestiae corrupti est.', 4, '2018-11-22 08:24:50', '2018-11-22 08:24:50'),
(71, 104, 'Prof. Liliane Kuvalis I', 'Cum et qui omnis deserunt omnis. Corporis tenetur consequatur veritatis perferendis voluptates quisquam laboriosam aut. Incidunt sit est consequatur ea. Corporis et odit et maiores.', 2, '2018-11-22 08:24:50', '2018-11-22 08:24:50'),
(72, 106, 'Vince Graham', 'Repudiandae non placeat enim aut velit. Natus corporis perferendis eum fuga optio. Unde dolorem culpa praesentium. Et quos cumque veritatis repudiandae molestiae vel.', 3, '2018-11-22 08:24:50', '2018-11-22 08:24:50'),
(73, 97, 'Ms. Ursula Lind DVM', 'Adipisci sed dicta perferendis et sunt sint quia. Esse voluptas odit rerum voluptatem non.', 4, '2018-11-22 08:24:50', '2018-11-22 08:24:50'),
(74, 117, 'Prof. Monte Sauer', 'Eos nostrum nobis accusantium. Molestiae quod delectus recusandae quo qui cumque fugiat labore. Quisquam laboriosam nihil doloremque reprehenderit. Minima minus minus aut facere.', 3, '2018-11-22 08:24:50', '2018-11-22 08:24:50'),
(75, 107, 'Valentina Davis Jr.', 'Sit sint provident voluptatum. Vel animi dolor molestias corporis excepturi expedita. Dolorem qui et aliquid animi. Exercitationem nulla sit tempore necessitatibus illum. Eum qui qui ex rerum temporibus.', 5, '2018-11-22 08:24:51', '2018-11-22 08:24:51'),
(76, 106, 'Sim Oberbrunner', 'Molestiae qui praesentium aspernatur et. Quis et inventore ab sed nemo maiores. In ut commodi assumenda perferendis et aut ut. Rerum consectetur ut harum temporibus eligendi nam vel.', 2, '2018-11-22 08:24:51', '2018-11-22 08:24:51'),
(77, 100, 'Janelle Harvey MD', 'Cum doloribus eligendi a voluptatem autem. Non earum dolore et quia et libero. Dolorum est est dolores deserunt iste et. Facere dolor perspiciatis culpa nulla cumque.', 2, '2018-11-22 08:24:51', '2018-11-22 08:24:51'),
(78, 109, 'Princess Abshire PhD', 'At exercitationem et omnis incidunt explicabo reiciendis. Neque magni amet perspiciatis autem reprehenderit. Error velit iusto accusantium debitis ut assumenda. Error consequatur qui sit quibusdam voluptas repellat ad numquam.', 3, '2018-11-22 08:24:51', '2018-11-22 08:24:51'),
(79, 96, 'Alan Brekke', 'Qui et omnis quos vel. Animi exercitationem eos nulla harum dolor harum et.', 5, '2018-11-22 08:24:51', '2018-11-22 08:24:51'),
(80, 100, 'Alec Schumm DVM', 'Et cupiditate qui eveniet dolorem est consequatur. Ratione ut a ad sequi. Pariatur ea rerum quas reprehenderit voluptatum cumque consequatur. Blanditiis beatae vel qui quis non ut.', 1, '2018-11-22 08:24:51', '2018-11-22 08:24:51'),
(81, 104, 'Else Rath', 'Blanditiis est ipsum praesentium qui laborum doloribus et. Consequatur placeat et qui recusandae doloremque nobis asperiores ut. Et non laboriosam nesciunt autem eum.', 3, '2018-11-22 08:24:51', '2018-11-22 08:24:51'),
(82, 92, 'Charlene Rippin', 'Iure quos quis omnis ut voluptatem error. Magni quia impedit asperiores beatae enim aliquam ea aut. Architecto quia quia maxime dolor. Explicabo repudiandae molestiae corporis alias mollitia.', 2, '2018-11-22 08:24:51', '2018-11-22 08:24:51'),
(83, 120, 'Dr. Cloyd Carter III', 'Harum hic ut ducimus vero repellendus. Reiciendis itaque blanditiis magni et aut.', 4, '2018-11-22 08:24:51', '2018-11-22 08:24:51'),
(84, 97, 'Skyla Collier', 'Aut consequatur ea nulla illo minima sequi dolor iure. Repudiandae consequatur rerum sit vero cumque quia possimus. Praesentium vel doloribus qui illum adipisci illum molestiae. Nesciunt numquam suscipit dicta.', 5, '2018-11-22 08:24:51', '2018-11-22 08:24:51'),
(85, 101, 'Kaela Koss', 'Est non est voluptates dolor eos eos. Quibusdam similique voluptatem nihil possimus sit dolores sint et.', 5, '2018-11-22 08:24:51', '2018-11-22 08:24:51'),
(86, 111, 'Watson Balistreri', 'Quaerat non quia excepturi tenetur. Suscipit aspernatur voluptas quam reprehenderit ut omnis. Esse rerum et fugiat qui repellat aliquid.', 5, '2018-11-22 08:24:51', '2018-11-22 08:24:51'),
(87, 115, 'Ms. Amber Kuvalis', 'Rerum consequuntur consequuntur sapiente ratione. Aliquid et quis et velit dolorem ut pariatur. Quisquam incidunt necessitatibus hic perferendis quas soluta aut.', 3, '2018-11-22 08:24:51', '2018-11-22 08:24:51'),
(88, 93, 'Camilla Abshire', 'Sit in alias fugit distinctio ea consequatur est ad. Rerum dolores dolorum nisi sunt. Tempore vero soluta earum tempora nobis. Sit quisquam eligendi iusto itaque ut commodi et.', 1, '2018-11-22 08:24:51', '2018-11-22 08:24:51'),
(89, 120, 'General Lockman', 'Quasi ducimus tempore atque qui neque. Cupiditate quibusdam est qui quia asperiores. Occaecati quod repudiandae facere.', 4, '2018-11-22 08:24:51', '2018-11-22 08:24:51'),
(90, 112, 'Roxanne Hettinger III', 'Ut ut porro voluptas cum autem quo. Dolorem libero occaecati asperiores quia deserunt sequi dicta. Officiis tempore saepe aperiam rerum eum delectus. Nisi nemo ducimus ut sunt voluptatibus.', 2, '2018-11-22 08:24:51', '2018-11-22 08:24:51'),
(91, 118, 'Bernie Rath', 'Et repellat est rerum quasi dicta at mollitia. Et sunt odit optio est. Qui aliquam vel ipsum atque molestiae dolor. Voluptatibus eveniet ea possimus ea harum et alias eaque.', 3, '2018-11-22 08:24:51', '2018-11-22 08:24:51'),
(92, 95, 'Tyrell Stracke', 'Placeat sed omnis eos. Et esse ab eos nesciunt dolorem commodi tenetur quam. Modi et provident ut et. Accusantium et maxime quo et quo facere quas.', 1, '2018-11-22 08:24:51', '2018-11-22 08:24:51'),
(93, 93, 'Miss Lessie Hoppe Sr.', 'Reprehenderit at quo omnis vero cum. Et eos nihil molestias animi. Eveniet ad beatae vitae quaerat libero inventore id. Excepturi magnam omnis sed veritatis. Voluptas earum dolor quisquam inventore est.', 2, '2018-11-22 08:24:51', '2018-11-22 08:24:51'),
(94, 119, 'Cade Hintz II', 'Officia non aut ut iste. Est ipsum perspiciatis sed cupiditate. Amet et voluptas quia laboriosam tempora porro. Ea id accusantium aperiam amet.', 2, '2018-11-22 08:24:51', '2018-11-22 08:24:51'),
(95, 118, 'Mrs. Meghan Turcotte III', 'Nisi qui nesciunt nulla vel. Explicabo temporibus et aliquid. Ut sunt saepe rerum velit minima eos est.', 2, '2018-11-22 08:24:51', '2018-11-22 08:24:51'),
(96, 111, 'Emmie Williamson DVM', 'Dolor eum numquam esse accusamus et. Corporis cupiditate harum non rerum. Repellat ad amet corporis quasi. Aut voluptas ipsam nobis officia cupiditate est.', 2, '2018-11-22 08:24:52', '2018-11-22 08:24:52'),
(97, 110, 'Gabe Jacobs', 'Voluptatem sed sequi earum ullam maiores consequatur. Placeat provident quia sunt soluta. Id nulla doloremque cumque. Asperiores necessitatibus aut facilis.', 1, '2018-11-22 08:24:52', '2018-11-22 08:24:52'),
(98, 112, 'Diego Jerde', 'Ut iusto molestiae dolorem reiciendis consequuntur expedita fugiat. Quia quia consectetur minus alias nesciunt eos recusandae. Cupiditate quibusdam non voluptates perferendis aut illum ut. Cumque veniam mollitia deserunt accusantium qui quos.', 5, '2018-11-22 08:24:52', '2018-11-22 08:24:52'),
(99, 94, 'Douglas Kilback', 'Quis ipsum voluptas perspiciatis. Praesentium voluptatem consequuntur exercitationem consequatur praesentium blanditiis et. Nemo possimus impedit vero non cumque ipsum aut.', 4, '2018-11-22 08:24:52', '2018-11-22 08:24:52'),
(100, 104, 'Jeanette Beer', 'Reprehenderit vero rem porro vel ad. Consequatur odit deserunt eveniet aperiam. Pariatur itaque commodi voluptates eos ad nihil.', 2, '2018-11-22 08:24:52', '2018-11-22 08:24:52'),
(101, 116, 'Prof. Niko Dietrich Sr.', 'Consequatur enim a mollitia numquam voluptatem et. Ut aut mollitia provident neque. Dolores doloremque esse cumque qui suscipit omnis. Aut sunt voluptas cupiditate iusto aspernatur.', 4, '2018-11-22 08:24:52', '2018-11-22 08:24:52'),
(102, 108, 'Tina Mann', 'Facilis aut iusto eum neque. Ipsum voluptatum voluptatum ea velit placeat laboriosam.', 3, '2018-11-22 08:24:52', '2018-11-22 08:24:52'),
(103, 112, 'Mr. Kyle Hane II', 'Quis accusamus tempore ab aut. Minus neque est consectetur minus. Expedita quae sint incidunt.', 3, '2018-11-22 08:24:52', '2018-11-22 08:24:52'),
(104, 102, 'Kaylah Runolfsdottir', 'Nihil optio fuga et beatae aut. Totam iste corporis ut eum sit. Placeat culpa et dolorum tempora a. Sit voluptate iusto aspernatur veniam rem modi.', 3, '2018-11-22 08:24:52', '2018-11-22 08:24:52'),
(105, 108, 'Vidal Gaylord', 'Sit quae corrupti aut voluptas aperiam inventore. Accusantium consequuntur est qui magni. Sint ab dolorum dolores velit. Aspernatur accusantium libero eum omnis eveniet adipisci autem.', 2, '2018-11-22 08:24:52', '2018-11-22 08:24:52'),
(106, 103, 'Miss Catharine McDermott', 'Ut et sit laudantium libero fugit placeat et beatae. Corporis harum doloremque fuga a eum. Cum voluptatibus omnis consequatur illum corporis.', 4, '2018-11-22 08:24:52', '2018-11-22 08:24:52'),
(107, 98, 'Garret Adams', 'Repellendus voluptatem placeat nisi eius sunt eos odio. Laborum fugiat nam asperiores omnis. Est eveniet repellat at voluptatem sit eos. Aut unde fugit non officia. Suscipit quibusdam et et eos omnis.', 2, '2018-11-22 08:24:52', '2018-11-22 08:24:52'),
(108, 112, 'Rosie Koelpin', 'Accusantium et itaque delectus. Qui occaecati quam corrupti veritatis et qui. Eveniet ipsum eos corrupti natus atque. Reprehenderit voluptatem voluptatem sunt.', 3, '2018-11-22 08:24:52', '2018-11-22 08:24:52'),
(109, 114, 'Burdette Rempel Jr.', 'Aliquam non qui cumque sit animi aut fugit voluptatem. Et totam possimus quos natus pariatur eum. Ratione ut dolorem omnis commodi quis ullam neque. Sunt voluptatum omnis sed laborum nesciunt.', 2, '2018-11-22 08:24:52', '2018-11-22 08:24:52'),
(110, 97, 'Mr. Keven Predovic Sr.', 'Voluptatibus tenetur nihil repudiandae sint veniam recusandae quia. Eos velit voluptatem modi velit maxime et.', 2, '2018-11-22 08:24:52', '2018-11-22 08:24:52'),
(111, 109, 'Liam Lueilwitz', 'Enim illo sit nisi natus ea veniam voluptas. Vel nam est non ut veritatis nihil laudantium. Culpa libero corporis quo qui vero. Porro libero minima laudantium enim non.', 3, '2018-11-22 08:24:52', '2018-11-22 08:24:52'),
(112, 97, 'Taylor Kuhlman', 'Eveniet doloribus error rem ut. Aliquam quibusdam mollitia dolor corporis quo. Nihil perferendis asperiores explicabo excepturi expedita sunt ipsa. Ullam ut molestiae distinctio facilis non sint vel quis.', 3, '2018-11-22 08:24:52', '2018-11-22 08:24:52'),
(113, 96, 'Cristian Hagenes', 'Ipsa aut culpa voluptatem cumque laboriosam debitis vel. Dolores quos sint numquam perferendis rerum dolor corrupti est. Similique et laborum qui qui vel ducimus quasi qui. Consequatur dignissimos necessitatibus eveniet velit non facere. Asperiores sunt commodi consequatur numquam.', 2, '2018-11-22 08:24:52', '2018-11-22 08:24:52'),
(114, 113, 'Mr. Alexis Ward', 'Dolores saepe delectus soluta fugiat cupiditate rem. Ullam recusandae nesciunt velit odit optio consequatur. Earum ex non aut nobis explicabo et voluptatibus alias.', 4, '2018-11-22 08:24:52', '2018-11-22 08:24:52'),
(115, 119, 'Fleta Klocko', 'Voluptates voluptatibus nisi qui enim qui atque magni. Magnam rerum assumenda esse facilis totam ea. Aliquid adipisci velit odit. Corrupti tempora est assumenda qui repudiandae et et.', 4, '2018-11-22 08:24:53', '2018-11-22 08:24:53'),
(116, 111, 'Mr. Andres Jast', 'Consequatur at odit sed voluptate id maiores quibusdam. Illo quis accusamus ex veniam cumque commodi. Eos minus modi nostrum odit. Corrupti nihil quae provident ratione sed.', 1, '2018-11-22 08:24:53', '2018-11-22 08:24:53'),
(117, 94, 'Deja Osinski', 'Aut dolore illum non ipsa. Saepe minus similique at ea. Aliquam in esse eum veniam eaque vitae.', 3, '2018-11-22 08:24:53', '2018-11-22 08:24:53'),
(118, 110, 'Ms. Adelia Kunze', 'Sapiente nulla exercitationem et fugit maxime nihil ut. Et assumenda nulla dolorem voluptatem id qui. Perspiciatis libero quia ipsam et. Sapiente quos consequatur modi qui dignissimos.', 3, '2018-11-22 08:24:53', '2018-11-22 08:24:53'),
(119, 115, 'Prof. Leif Gottlieb', 'Voluptatem aperiam consectetur et voluptatem. Ut quidem rerum quisquam. Et dolor adipisci ipsa officia totam eum aut.', 3, '2018-11-22 08:24:53', '2018-11-22 08:24:53'),
(120, 111, 'Kaci Towne', 'Quisquam id molestiae cupiditate laborum voluptatem. Commodi recusandae omnis reprehenderit voluptatum odit. Non non molestiae quis non esse impedit eum. Harum non ut sed ipsa.', 3, '2018-11-22 08:24:53', '2018-11-22 08:24:53'),
(121, 97, 'Dr. Sylvan Stanton DDS', 'Doloribus libero cupiditate mollitia. Quia et dolores est et quia autem consequatur. Consectetur qui rerum est nostrum. Rerum velit et facere ut. Adipisci ducimus totam repudiandae rerum quibusdam atque voluptatem qui.', 5, '2018-11-22 08:24:53', '2018-11-22 08:24:53'),
(122, 113, 'Prof. Rhea McGlynn', 'Sit quos nemo voluptatum qui. Nostrum aut provident soluta aut omnis sequi. Deleniti ut et rerum laudantium provident eius impedit nisi. Nobis quia eaque voluptatibus aut.', 4, '2018-11-22 08:24:53', '2018-11-22 08:24:53'),
(123, 101, 'Esta Swift', 'Nobis culpa recusandae et porro. Eius ut molestiae voluptatibus est nulla ad. Sunt dolor voluptas praesentium qui praesentium. Magnam nobis explicabo alias mollitia eligendi aut deserunt tempora.', 4, '2018-11-22 08:24:53', '2018-11-22 08:24:53'),
(124, 102, 'Deontae Goodwin II', 'Ut eius unde voluptatem ullam commodi possimus. Voluptate ab rerum omnis adipisci molestias. Voluptatum quia neque accusantium labore recusandae minus.', 1, '2018-11-22 08:24:53', '2018-11-22 08:24:53'),
(125, 103, 'Miguel Conn DDS', 'Minima voluptatem incidunt eum voluptatum. Alias aut voluptatem sint molestiae provident nulla. Doloremque eum maiores deleniti non in. Omnis non illo quod possimus est quam.', 2, '2018-11-22 08:24:53', '2018-11-22 08:24:53'),
(126, 96, 'Prof. Patrick Volkman', 'Ea sapiente ut iusto voluptas totam et vel. Dolorem nostrum culpa qui amet sunt et.', 5, '2018-11-22 08:24:53', '2018-11-22 08:24:53'),
(127, 117, 'Prof. Tia Herman', 'Iste facere magnam eos qui est. Est quo nemo et veniam. Similique dolor nisi minima voluptatem sunt. Eos magni dolore sequi. Sed provident eos voluptatem quia quos et.', 2, '2018-11-22 08:24:53', '2018-11-22 08:24:53'),
(128, 119, 'Jaeden Lynch', 'Quis totam eius quo cum incidunt voluptates. A reprehenderit illo vel quis odio natus. Dolore quibusdam et accusantium. Nulla qui est similique laborum ducimus.', 2, '2018-11-22 08:24:53', '2018-11-22 08:24:53'),
(129, 98, 'Gabrielle Sawayn', 'Tempora ut totam facilis ad officiis. Ut assumenda laborum et ab numquam dolores minima. Pariatur quod qui ipsum. Fuga ullam cum incidunt distinctio delectus.', 4, '2018-11-22 08:24:53', '2018-11-22 08:24:53'),
(130, 91, 'Dr. Lennie Herzog II', 'Sit aliquid qui fugiat laboriosam voluptate eveniet accusantium. Dolore sed eaque nihil quos saepe molestiae aut. Exercitationem ut natus earum facilis necessitatibus autem. Id et totam cupiditate voluptas quia.', 1, '2018-11-22 08:24:53', '2018-11-22 08:24:53'),
(131, 96, 'Christop Bayer', 'Repudiandae corporis qui fugiat occaecati eveniet odio repellendus. Fugit veritatis aut cumque omnis fuga. Totam et maiores repudiandae nesciunt aut non.', 4, '2018-11-22 08:24:53', '2018-11-22 08:24:53'),
(132, 101, 'Mr. Raymundo Marks V', 'Nihil tempore pariatur et rem rerum eum enim. Aut a at itaque amet deserunt debitis incidunt. Expedita rerum saepe aspernatur cumque id.', 1, '2018-11-22 08:24:53', '2018-11-22 08:24:53'),
(133, 118, 'Waylon Kerluke III', 'Occaecati delectus consectetur eius ut omnis aut. Itaque beatae porro voluptatem deleniti voluptatem amet. Facilis cumque quam at qui. Rem quia quia non autem.', 4, '2018-11-22 08:24:53', '2018-11-22 08:24:53'),
(134, 103, 'Nedra Shanahan', 'Dolores ipsa et voluptate distinctio ipsum amet. Saepe velit praesentium cupiditate et fugit. Repellat ratione voluptate consequatur iusto exercitationem aperiam dolor.', 5, '2018-11-22 08:24:53', '2018-11-22 08:24:53'),
(135, 114, 'Osborne Walsh', 'Eligendi ab et nobis quis facere vitae non. Dolorem consequatur mollitia modi rerum. Praesentium blanditiis quis excepturi quia laudantium.', 5, '2018-11-22 08:24:53', '2018-11-22 08:24:53'),
(136, 102, 'Mrs. Ethelyn Lynch III', 'Praesentium laboriosam totam eos quas numquam. Est odio ut eum distinctio et corrupti. Aspernatur fuga aut ut dicta. Corrupti quod fuga ipsam odio est.', 1, '2018-11-22 08:24:53', '2018-11-22 08:24:53'),
(137, 92, 'Julia Zboncak', 'Rem ipsa maxime id enim. Eum maiores nihil aperiam laboriosam quo nihil. Quam sint ipsa non delectus optio error aut et. Quia doloremque et sequi dolores incidunt quia omnis.', 1, '2018-11-22 08:24:54', '2018-11-22 08:24:54'),
(138, 96, 'Rex Stroman', 'Iure suscipit eveniet aut illum aut aut quae. Non dolor minima quia maxime tempore unde non nihil. Quam tempora atque saepe laudantium ut eum enim.', 3, '2018-11-22 08:24:54', '2018-11-22 08:24:54'),
(139, 120, 'Heaven Abernathy', 'Pariatur omnis rerum vel aut sed. Tempora nobis quaerat occaecati esse dolorum quibusdam est. Molestiae blanditiis veritatis voluptatem voluptatem. Unde eum hic eveniet. Doloremque laborum eos maxime minima reprehenderit sed laudantium voluptatem.', 2, '2018-11-22 08:24:54', '2018-11-22 08:24:54'),
(140, 115, 'Harry Hauck III', 'Natus non magni recusandae non qui itaque. Aspernatur cupiditate qui occaecati nam dolorum. Deleniti cumque ipsa ad ratione molestias.', 4, '2018-11-22 08:24:54', '2018-11-22 08:24:54'),
(141, 103, 'Mrs. Elissa Osinski', 'Ab voluptas voluptatum accusantium aliquam quo. Voluptatem tempore voluptas unde necessitatibus odit et voluptatem.', 3, '2018-11-22 08:24:54', '2018-11-22 08:24:54'),
(142, 98, 'Jammie Jacobs', 'Inventore impedit quia omnis hic sit minus expedita. Et occaecati laborum eligendi autem est. Perferendis voluptatem nemo veritatis porro id.', 5, '2018-11-22 08:24:54', '2018-11-22 08:24:54'),
(143, 101, 'Stefanie Reichel', 'Qui non ut dolorum vero maiores fuga voluptatem. Maxime temporibus qui laborum eligendi rerum est dicta. Hic alias voluptatem ipsa neque aperiam nisi. Error enim quia aut reiciendis.', 5, '2018-11-22 08:24:54', '2018-11-22 08:24:54'),
(144, 92, 'Retha Kiehn', 'Praesentium blanditiis maiores minus. Delectus est fugit nobis.', 1, '2018-11-22 08:24:54', '2018-11-22 08:24:54'),
(145, 113, 'Delfina Fadel', 'Eos vel libero temporibus voluptatibus quo sapiente quam. Quia esse odit nulla quis similique sed aut. Sint maxime reprehenderit voluptatem animi facere accusantium harum. Qui esse velit et dolorem occaecati quidem et et.', 4, '2018-11-22 08:24:54', '2018-11-22 08:24:54'),
(146, 105, 'Dr. Mylene Sawayn', 'Iste corporis repellat dolor modi veniam. Eos deserunt quidem saepe cupiditate. Et error numquam placeat ea optio molestias quisquam.', 1, '2018-11-22 08:24:54', '2018-11-22 08:24:54'),
(147, 93, 'Mrs. Emmanuelle Cremin DVM', 'Labore dolorum numquam quae minus explicabo non est temporibus. Sed in non culpa perspiciatis quasi neque architecto velit. Et et cum iste repellat alias.', 4, '2018-11-22 08:24:54', '2018-11-22 08:24:54'),
(148, 99, 'Mrs. Candice Terry', 'Natus enim esse voluptatibus laboriosam nulla atque magnam. Molestiae eos officia qui eaque provident quo. Velit ex et illo et aspernatur. Voluptas placeat et molestiae nesciunt dolorum quia.', 2, '2018-11-22 08:24:54', '2018-11-22 08:24:54'),
(149, 116, 'Prof. Tanner Dach MD', 'Libero et voluptas vitae. Repellendus voluptatum ut cupiditate harum fugit et dolores. Ullam qui est dignissimos.', 3, '2018-11-22 08:24:54', '2018-11-22 08:24:54'),
(150, 97, 'Dr. Deion Stokes MD', 'Nostrum ipsam exercitationem ut iure. Quo necessitatibus eveniet inventore at facilis id. Impedit nulla alias adipisci corporis quibusdam nobis ut hic. Eaque accusantium eligendi ut eaque.', 5, '2018-11-22 08:24:54', '2018-11-22 08:24:54');

-- --------------------------------------------------------

--
-- Table structure for table `users`
--

CREATE TABLE `users` (
  `id` int(10) UNSIGNED NOT NULL,
  `name` varchar(191) COLLATE utf8mb4_unicode_ci NOT NULL,
  `email` varchar(191) COLLATE utf8mb4_unicode_ci NOT NULL,
  `email_verified_at` timestamp NULL DEFAULT NULL,
  `password` varchar(191) COLLATE utf8mb4_unicode_ci NOT NULL,
  `remember_token` varchar(100) COLLATE utf8mb4_unicode_ci DEFAULT NULL,
  `created_at` timestamp NULL DEFAULT NULL,
  `updated_at` timestamp NULL DEFAULT NULL
) ENGINE=InnoDB DEFAULT CHARSET=utf8mb4 COLLATE=utf8mb4_unicode_ci;

--
-- Indexes for dumped tables
--

--
-- Indexes for table `migrations`
--
ALTER TABLE `migrations`
  ADD PRIMARY KEY (`id`);

--
-- Indexes for table `password_resets`
--
ALTER TABLE `password_resets`
  ADD KEY `password_resets_email_index` (`email`);

--
-- Indexes for table `products`
--
ALTER TABLE `products`
  ADD PRIMARY KEY (`id`);

--
-- Indexes for table `reviews`
--
ALTER TABLE `reviews`
  ADD PRIMARY KEY (`id`),
  ADD KEY `reviews_product_id_index` (`product_id`);

--
-- Indexes for table `users`
--
ALTER TABLE `users`
  ADD PRIMARY KEY (`id`),
  ADD UNIQUE KEY `users_email_unique` (`email`);

--
-- AUTO_INCREMENT for dumped tables
--

--
-- AUTO_INCREMENT for table `migrations`
--
ALTER TABLE `migrations`
  MODIFY `id` int(10) UNSIGNED NOT NULL AUTO_INCREMENT, AUTO_INCREMENT=5;

--
-- AUTO_INCREMENT for table `products`
--
ALTER TABLE `products`
  MODIFY `id` int(10) UNSIGNED NOT NULL AUTO_INCREMENT, AUTO_INCREMENT=121;

--
-- AUTO_INCREMENT for table `reviews`
--
ALTER TABLE `reviews`
  MODIFY `id` int(10) UNSIGNED NOT NULL AUTO_INCREMENT, AUTO_INCREMENT=151;

--
-- AUTO_INCREMENT for table `users`
--
ALTER TABLE `users`
  MODIFY `id` int(10) UNSIGNED NOT NULL AUTO_INCREMENT;

--
-- Constraints for dumped tables
--

--
-- Constraints for table `reviews`
--
ALTER TABLE `reviews`
  ADD CONSTRAINT `reviews_product_id_foreign` FOREIGN KEY (`product_id`) REFERENCES `products` (`id`) ON DELETE CASCADE;
COMMIT;

/*!40101 SET CHARACTER_SET_CLIENT=@OLD_CHARACTER_SET_CLIENT */;
/*!40101 SET CHARACTER_SET_RESULTS=@OLD_CHARACTER_SET_RESULTS */;
/*!40101 SET COLLATION_CONNECTION=@OLD_COLLATION_CONNECTION */;
